,Ticker,Industry,IPO_date,IPO_Price,d1Open,ATH,ATH_Date,ATL,ATL_Date,Days_to_ATH,Days_to_ATL,Low_Before_ATH
VEL,VEL,Mortgage Finance,17-Jan-20,$13.00,13.850000381469727,14.899999618530273,2020-02-20,2.240000009536743,2020-04-03,34.0,77.0,13.170000076293945
IMAB,IMAB,Biotechnology,17-Jan-20,$14.00,14.75,59.13999938964844,2021-01-08,9.300000190734863,2020-02-04,357.0,18.0,9.300000190734863
DNK,DNK,Real Estate Services,17-Jan-20,$13.50,13.5,13.899999618530273,2020-02-06,1.2699999809265137,2020-11-04,20.0,292.0,12.010000228881836
LIZI,LIZI,Internet Content & Information,17-Jan-20,$11.00,11.029999732971191,15.25,2020-01-17,1.9500000476837158,2020-10-30,0.0,287.0,11.010000228881836
SCVX,SCVX,Shell Companies,24-Jan-20,$10.00,9.399999618530273,12.369999885559082,2020-07-23,9.199999809265137,2020-03-20,125.0,0.0,9.199999809265137
GHIV,GHIV,Shell Companies,24-Jan-20,$10.00,9.300000190734863,14.380000114440918,2020-12-28,9.300000190734863,2020-03-25,278.0,0.0,9.300000190734863
ANVS,ANVS,Biotechnology,29-Jan-20,$6.00,6.630000114440918,10.609999656677246,2020-01-29,2.4200000762939453,2020-03-23,0.0,54.0,6.510000228881836
BDTX,BDTX,Biotechnology,30-Jan-20,$19.00,37.040000915527344,46.25,2020-06-03,17.6299991607666,2020-03-18,124.0,47.0,17.6299991607666
ANPC,ANPC,Biotechnology,30-Jan-20,$12.00,10.989999771118164,12.0,2020-02-27,3.1500000953674316,2020-10-05,27.0,248.0,8.859999656677246
REYN,REYN,Packaging & Containers,31-Jan-20,$26.00,27.5,36.0,2020-06-05,21.610000610351562,2020-03-16,126.0,45.0,21.610000610351562
ONEM,ONEM,Health Information Services,31-Jan-20,$14.00,18.0,44.869998931884766,2020-07-13,15.0,2020-03-19,164.0,48.0,15.0
ARQT,ARQT,Biotechnology,31-Jan-20,$17.00,23.059999465942383,40.880001068115234,2020-03-20,17.100000381469727,2020-03-16,49.0,45.0,17.100000381469727
CSPR,CSPR,"Furnishings, Fixtures & Appliances",06-Feb-20,$12.00,14.5,15.850000381469727,2020-02-06,3.1500000953674316,2020-03-19,0.0,42.0,13.25
SDGR,SDGR,Health Information Services,06-Feb-20,$17.00,26.0,99.5,2020-07-06,25.5,2020-02-06,151.0,0.0,25.5
BEAM,BEAM,Biotechnology,06-Feb-20,$17.00,24.0,122.80999755859375,2021-01-15,13.0,2020-03-16,344.0,39.0,13.0
PPD,PPD,Drug Manufacturers—Specialty & Generic,06-Feb-20,$27.00,30.989999771118164,37.5099983215332,2020-10-13,10.609999656677246,2020-03-18,250.0,41.0,10.609999656677246
ONEW,ONEW,Recreational Vehicles,07-Feb-20,$12.00,15.020000457763672,35.9900016784668,2021-01-14,3.4100000858306885,2020-03-18,342.0,40.0,3.4100000858306885
NREF,NREF,REIT—Diversified,07-Feb-20,$19.00,19.0,20.469999313354492,2020-12-07,6.340000152587891,2020-03-24,304.0,46.0,6.340000152587891
PFHD,PFHD,Banks—Regional,07-Feb-20,$18.50,19.309999465942383,20.6299991607666,2020-02-11,9.628000259399414,2020-07-27,4.0,171.0,19.18000030517578
CCAC,CCAC,Shell Companies,11-Feb-20,$10.00,9.75,11.1899995803833,2021-01-14,9.510000228881836,2020-05-22,266.0,29.0,9.510000228881836
GNRS,GNRS,Shell Companies,11-Feb-20,$10.00,9.609999656677246,11.199999809265137,2021-01-15,9.609999656677246,2020-05-21,239.0,0.0,9.609999656677246
HUIZ,HUIZ,Insurance Brokers,12-Feb-20,$10.50,10.75,14.800000190734863,2020-03-03,4.829999923706055,2020-04-13,20.0,61.0,9.600000381469727
RVMD,RVMD,Biotechnology,13-Feb-20,$17.00,28.209999084472656,47.83000183105469,2020-12-16,17.344999313354492,2020-03-17,307.0,33.0,17.344999313354492
GRIL,GRIL,Restaurants,13-Feb-20,$5.00,4.697999954223633,5.090000152587891,2020-03-18,1.309999942779541,2020-09-25,34.0,225.0,1.8799999952316284
MEDS,MEDS,Pharmaceutical Retailers,13-Feb-20,$6.50,5.900000095367432,11.600000381469727,2020-03-23,4.010000228881836,2020-03-09,39.0,25.0,4.010000228881836
ZGYH,ZGYH,Shell Companies,13-Feb-20,$10.00,9.739999771118164,10.630000114440918,2021-01-13,9.600000381469727,2020-06-02,268.0,43.0,9.600000381469727
NBAC,NBAC,Shell Companies,14-Feb-20,$10.00,9.789999961853027,22.739999771118164,2020-11-25,9.699999809265137,2020-05-01,208.0,0.0,9.699999809265137
ESSC,ESSC,Shell Companies,20-Feb-20,$10.00,9.350000381469727,10.59000015258789,2021-01-06,9.295000076293945,2020-10-30,292.0,224.0,9.295000076293945
ZCMD,ZCMD,Health Information Services,24-Feb-20,$4.00,3.799999952316284,5.25,2020-08-04,1.590000033378601,2020-09-04,161.0,192.0,1.6299999952316284
PASG,PASG,Biotechnology,28-Feb-20,$18.00,22.270000457763672,38.22999954223633,2020-06-24,8.09000015258789,2020-03-18,117.0,19.0,8.09000015258789
GFL,GFL,Waste Management,03-Mar-20,$19.00,17.5,30.219999313354492,2021-01-14,11.920000076293945,2020-04-03,317.0,31.0,11.920000076293945
LSAC,LSAC,n/a,06-Mar-20,$10.00,9.350000381469727,19.850000381469727,2020-12-21,9.350000381469727,2020-05-27,208.0,0.0,9.350000381469727
FEAC,FEAC,n/a,06-Mar-20,$10.00,9.949999809265137,21.270000457763672,2020-12-10,9.8100004196167,2020-04-28,227.0,1.0,9.8100004196167
DFPH,DFPH,Shell Companies,11-Mar-20,$10.00,9.699999809265137,11.869999885559082,2021-01-14,9.699999809265137,2020-06-04,224.0,0.0,9.699999809265137
IMRA,IMRA,Biotechnology,12-Mar-20,$16.00,14.0,62.709999084472656,2020-06-09,12.899999618530273,2021-01-08,89.0,302.0,13.399999618530273
WIMI,WIMI,Advertising Agencies,01-Apr-20,$5.50,6.0,29.5,2020-07-13,3.2049999237060547,2020-06-05,103.0,65.0,3.2049999237060547
ZNTL,ZNTL,Biotechnology,03-Apr-20,$18.00,25.0,61.290000915527344,2020-12-09,22.0,2020-04-07,250.0,4.0,22.0
KROS,KROS,Biotechnology,08-Apr-20,$16.00,20.850000381469727,88.80000305175781,2020-12-08,19.100000381469727,2020-04-08,244.0,0.0,19.100000381469727
IPOC,IPOC,n/a,22-Apr-20,$10.00,10.069999694824219,17.450000762939453,2021-01-04,9.869999885559082,2020-10-30,206.0,140.0,9.869999885559082
ORIC,ORIC,Biotechnology,24-Apr-20,$16.00,26.0,40.810001373291016,2020-12-18,18.600000381469727,2020-09-21,238.0,150.0,18.600000381469727
PCPL,PCPL,Shell Companies,24-Apr-20,$10.00,10.5,11.970000267028809,2021-01-14,9.779999732971191,2020-06-18,213.0,3.0,9.779999732971191
CHAQ,CHAQ,Shell Companies,24-Apr-20,$10.00,9.649999618530273,11.369999885559082,2020-07-09,9.574999809265137,2020-06-22,17.0,0.0,9.574999809265137
IPOB,IPOB,n/a,28-Apr-20,$10.00,10.75,30.600000381469727,2020-12-18,10.550000190734863,2020-08-27,183.0,70.0,10.550000190734863
FVAC,FVAC,n/a,30-Apr-20,$10.00,9.899999618530273,40.7400016784668,2020-12-22,9.779999732971191,2020-06-24,183.0,2.0,9.779999732971191
LYRA,LYRA,Biotechnology,01-May-20,$16.00,22.0,22.0,2020-05-01,8.760000228881836,2020-12-07,0.0,220.0,17.600000381469727
CGRO,CGRO,Shell Companies,01-May-20,$10.00,9.800000190734863,17.75,2020-12-23,9.649999618530273,2020-10-20,177.0,113.0,9.649999618530273
GAN,GAN,Gambling,05-May-20,$8.50,10.649999618530273,28.950000762939453,2020-07-08,10.600000381469727,2020-05-05,64.0,0.0,10.600000381469727
ROCH,ROCH,Shell Companies,05-May-20,$10.00,10.199999809265137,19.0,2021-01-14,9.760000228881836,2020-09-02,183.0,49.0,9.760000228881836
SOAC,SOAC,Shell Companies,06-May-20,$10.00,10.0,12.378000259399414,2021-01-14,9.699999809265137,2020-06-26,202.0,0.0,9.699999809265137
LOAK,LOAK,n/a,06-May-20,$10.00,4.699999809265137,28.1200008392334,2020-12-28,4.699999809265137,2020-05-28,214.0,0.0,4.699999809265137
KC,KC,Software—Application,08-May-20,$17.00,20.3700008392334,49.91999816894531,2020-12-18,17.010000228881836,2020-05-22,224.0,14.0,17.010000228881836
AYLA,AYLA,Biotechnology,08-May-20,$15.00,15.65999984741211,16.5,2020-05-08,8.619999885559082,2020-09-08,0.0,123.0,14.630000114440918
CLEU,CLEU,Education & Training Services,08-May-20,$6.00,5.0,10.460000038146973,2020-08-28,3.4010000228881836,2020-06-01,112.0,24.0,3.4010000228881836
JWS,JWS,Shell Companies,14-May-20,$10.00,5.0,17.43000030517578,2021-01-06,5.0,2020-07-02,188.0,0.0,5.0
GIK,GIK,Shell Companies,14-May-20,$10.00,10.0,17.25200080871582,2021-01-15,9.793999671936035,2020-07-07,197.0,5.0,9.793999671936035
ADCT,ADCT,Biotechnology,15-May-20,$19.00,30.0,56.59000015258789,2020-07-02,25.104999542236328,2020-10-21,45.0,156.0,29.729999542236328
NOVS,NOVS,Shell Companies,15-May-20,$10.00,10.010000228881836,26.690000534057617,2021-01-14,9.609999656677246,2020-06-16,216.0,4.0,9.609999656677246
BMRG,BMRG,n/a,20-May-20,$10.00,9.800000190734863,11.84000015258789,2020-06-25,9.699999809265137,2020-06-03,22.0,0.0,9.699999809265137
SLQT,SLQT,Insurance Brokers,21-May-20,$20.00,26.200000762939453,29.0,2020-06-02,15.760000228881836,2020-07-24,12.0,64.0,25.280000686645508
LGVW,LGVW,Shell Companies,21-May-20,$10.00,10.15999984741211,22.957000732421875,2020-12-24,9.34000015258789,2020-10-13,164.0,92.0,9.34000015258789
NARI,NARI,Medical Devices,22-May-20,$19.00,41.29999923706055,98.08999633789062,2021-01-13,39.54999923706055,2020-05-22,236.0,0.0,39.54999923706055
WPF,WPF,Shell Companies,27-May-20,$10.00,10.699999809265137,11.989999771118164,2020-12-28,9.739999771118164,2020-11-02,164.0,108.0,9.739999771118164
PLRX,PLRX,Biotechnology,03-Jun-20,$16.00,25.0,35.630001068115234,2020-06-30,19.424999237060547,2020-11-02,27.0,152.0,21.049999237060547
WMG,WMG,Entertainment,03-Jun-20,$25.00,27.0,39.189998626708984,2020-12-18,25.610000610351562,2020-11-04,198.0,154.0,25.610000610351562
ZI,ZI,Software—Application,04-Jun-20,$21.00,40.0,64.4000015258789,2020-06-10,30.829999923706055,2020-09-16,6.0,104.0,32.099998474121094
AMTI,AMTI,Biotechnology,05-Jun-20,$14.00,25.510000228881836,36.209999084472656,2020-10-12,17.045000076293945,2020-06-09,129.0,4.0,17.045000076293945
CALT,CALT,Drug Manufacturers—Specialty & Generic,05-Jun-20,$19.50,19.899999618530273,38.0,2020-11-09,19.0,2020-06-19,157.0,14.0,19.0
DADA,DADA,Internet Retail,05-Jun-20,$16.00,18.299999237060547,61.27000045776367,2020-12-01,14.600000381469727,2020-06-15,179.0,10.0,14.600000381469727
FOUR,FOUR,Software—Infrastructure,05-Jun-20,$23.00,33.099998474121094,76.94999694824219,2021-01-14,30.0,2020-06-11,223.0,6.0,30.0
LEGN,LEGN,Biotechnology,05-Jun-20,$23.00,37.0099983215332,43.2400016784668,2020-07-01,24.639999389648438,2020-09-21,26.0,108.0,35.0
ARYB,ARYB,n/a,05-Jun-20,$10.00,13.9399995803833,13.9399995803833,2020-07-30,9.899999618530273,2020-10-22,0.0,84.0,11.125
MCAC,MCAC,Shell Companies,05-Jun-20,$10.00,10.15999984741211,12.670000076293945,2021-01-07,9.850000381469727,2020-08-31,129.0,0.0,9.850000381469727
VRM,VRM,Auto & Truck Dealerships,09-Jun-20,$22.00,40.25,75.48999786376953,2020-09-01,32.0,2020-12-07,84.0,181.0,38.459999084472656
HEC,HEC,Shell Companies,09-Jun-20,$10.00,10.0,12.1899995803833,2021-01-12,9.65999984741211,2020-10-30,166.0,92.0,9.65999984741211
UCL,UCL,Telecom Services,10-Jun-20,$18.00,22.5,24.770000457763672,2020-06-10,8.5600004196167,2020-11-06,0.0,149.0,17.0
LTRN,LTRN,Biotechnology,11-Jun-20,$15.00,14.800000190734863,24.84000015258789,2020-10-12,10.399999618530273,2020-08-14,123.0,64.0,10.399999618530273
AZEK,AZEK,Building Products & Equipment,12-Jun-20,$23.00,27.5,42.15999984741211,2020-08-19,26.34600067138672,2020-06-15,68.0,3.0,26.34600067138672
BNR,BNR,Diagnostics & Research,12-Jun-20,$16.50,22.799999237060547,34.349998474121094,2021-01-15,18.639999389648438,2020-09-10,217.0,90.0,18.639999389648438
GBIO,GBIO,Biotechnology,12-Jun-20,$19.00,22.149999618530273,55.720001220703125,2020-12-02,17.0,2020-07-13,173.0,31.0,17.0
PCVX,PCVX,Biotechnology,12-Jun-20,$16.00,20.799999237060547,58.474998474121094,2020-09-23,17.799999237060547,2020-06-12,103.0,0.0,17.799999237060547
RNA,RNA,Biotechnology,12-Jun-20,$18.00,26.5,37.459999084472656,2020-09-15,23.059999465942383,2020-07-20,95.0,38.0,23.059999465942383
RPRX,RPRX,Biotechnology,16-Jun-20,$28.00,44.0,56.5,2020-06-18,34.79999923706055,2020-10-29,2.0,135.0,42.0
TREB,TREB,Shell Companies,17-Jun-20,$10.00,10.100000381469727,11.199999809265137,2020-12-28,9.720000267028809,2020-11-10,143.0,95.0,9.720000267028809
FMTX,FMTX,Biotechnology,19-Jun-20,$20.00,40.0,56.33000183105469,2020-12-09,31.450000762939453,2020-08-14,173.0,56.0,31.450000762939453
GTH,GTH,Diagnostics & Research,19-Jun-20,$16.00,16.149999618530273,21.75,2021-01-14,9.029999732971191,2020-09-24,209.0,97.0,9.029999732971191
PROG,PROG,Biotechnology,19-Jun-20,$15.00,15.109999656677246,15.920000076293945,2020-06-19,3.0799999237060547,2020-12-03,0.0,167.0,12.649999618530273
RPTX,RPTX,Biotechnology,19-Jun-20,$20.00,32.4900016784668,46.439998626708984,2021-01-08,21.450000762939453,2020-07-27,203.0,38.0,21.450000762939453
NUZE,NUZE,Packaged Foods,19-Jun-20,$9.00,8.800000190734863,51.56999969482422,2020-08-06,8.220000267028809,2020-06-19,48.0,0.0,8.220000267028809
BRLI,BRLI,Shell Companies,24-Jun-20,$10.00,9.8100004196167,10.579999923706055,2020-12-28,9.739999771118164,2020-07-22,159.0,0.0,9.739999771118164
AKUS,AKUS,Biotechnology,26-Jun-20,$17.00,22.260000228881836,30.670000076293945,2020-09-10,16.59000015258789,2020-10-12,76.0,108.0,19.0
EBON,EBON,Computer Hardware,26-Jun-20,$5.23,4.599999904632568,14.949999809265137,2020-09-17,3.799999952316284,2020-07-01,83.0,5.0,3.799999952316284
FUSN,FUSN,Biotechnology,26-Jun-20,$17.00,18.5,19.0,2020-06-26,11.210000038146973,2021-01-12,0.0,200.0,16.5
PYPD,PYPD,Biotechnology,26-Jun-20,$16.00,16.0,19.450000762939453,2020-06-29,8.640000343322754,2020-11-20,3.0,147.0,15.0600004196167
API,API,Software—Application,26-Jun-20,$20.00,45.0,68.44999694824219,2020-07-06,33.599998474121094,2020-11-19,10.0,146.0,42.25
ACI,ACI,Grocery Stores,26-Jun-20,$16.00,15.5,18.25,2021-01-12,12.90999984741211,2020-09-18,200.0,84.0,12.90999984741211
FUSE,FUSE,Shell Companies,26-Jun-20,$10.00,9.8100004196167,12.84000015258789,2021-01-14,9.680000305175781,2020-08-26,153.0,12.0,9.680000305175781
KCAC,KCAC,n/a,26-Jun-20,$10.00,9.850000381469727,25.75,2020-09-04,9.739999771118164,2020-08-21,18.0,4.0,9.739999771118164
ADTX,ADTX,Biotechnology,30-Jun-20,$9.00,5.5,9.579999923706055,2020-08-06,1.6200000047683716,2020-09-24,37.0,86.0,2.8299999237060547
GSAH,GSAH,Shell Companies,30-Jun-20,$10.00,10.050000190734863,12.970000267028809,2021-01-12,9.850000381469727,2020-08-20,145.0,0.0,9.850000381469727
DNB,DNB,Information Technology Services,01-Jul-20,$22.00,25.0,29.54800033569336,2020-11-05,23.584999084472656,2020-09-21,127.0,82.0,23.584999084472656
PANA,PANA,Shell Companies,01-Jul-20,$10.00,10.100000381469727,12.520000457763672,2020-10-21,9.550000190734863,2020-08-27,56.0,1.0,9.550000190734863
LMND,LMND,Insurance—Property & Casualty,02-Jul-20,$29.00,50.060001373291016,188.3000030517578,2021-01-12,44.11000061035156,2020-09-04,194.0,64.0,44.11000061035156
ACCD,ACCD,Health Information Services,02-Jul-20,$22.00,35.0,65.25,2020-12-11,28.68000030517578,2020-07-06,162.0,4.0,28.68000030517578
CPSR,CPSR,Shell Companies,02-Jul-20,$10.00,9.75,10.880000114440918,2021-01-06,9.649999618530273,2020-11-05,135.0,73.0,9.649999618530273
BLCT,BLCT,Internet Content & Information,08-Jul-20,$16.00,20.450000762939453,35.88999938964844,2020-07-08,8.039999961853027,2020-10-02,0.0,86.0,20.030000686645508
RACA,RACA,Shell Companies,08-Jul-20,$10.00,13.5,16.299999237060547,2020-09-18,11.479999542236328,2020-08-10,42.0,3.0,11.479999542236328
NKTX,NKTX,Biotechnology,10-Jul-20,$18.00,54.45000076293945,79.16000366210938,2020-12-24,22.459999084472656,2020-09-02,167.0,54.0,22.459999084472656
PSTX,PSTX,Biotechnology,10-Jul-20,$16.00,16.899999618530273,17.6200008392334,2020-07-17,7.630000114440918,2020-08-24,7.0,45.0,11.350000381469727
QH,QH,Software—Application,10-Jul-20,$10.00,15.3100004196167,22.989999771118164,2020-07-10,6.519999980926514,2020-09-04,0.0,56.0,12.0
IVA,IVA,Biotechnology,10-Jul-20,$14.40,15.130000114440918,17.25,2021-01-13,9.010000228881836,2020-07-14,187.0,4.0,9.010000228881836
PTK,PTK,Shell Companies,13-Jul-20,$10.00,9.90999984741211,11.34000015258789,2021-01-13,9.59000015258789,2020-10-28,112.0,35.0,9.59000015258789
NCNO,NCNO,Software—Application,14-Jul-20,$31.00,71.0,103.94999694824219,2020-09-02,65.31999969482422,2021-01-06,50.0,176.0,66.81999969482422
AACQ,AACQ,Shell Companies,14-Jul-20,$10.00,10.0,11.300000190734863,2021-01-14,9.574999809265137,2020-10-28,132.0,54.0,9.574999809265137
GOCO,GOCO,Insurance Brokers,15-Jul-20,$21.00,25.0,26.25,2020-07-15,10.010000228881836,2020-12-02,0.0,140.0,18.709999084472656
DEH,DEH,Shell Companies,15-Jul-20,$10.00,9.800000190734863,10.4399995803833,2021-01-12,9.600000381469727,2020-10-27,130.0,53.0,9.600000381469727
MLAC,MLAC,Shell Companies,15-Jul-20,$10.00,9.789999961853027,10.34000015258789,2020-12-22,9.619999885559082,2020-10-28,130.0,75.0,9.619999885559082
HPX,HPX,Shell Companies,15-Jul-20,$10.00,10.010000228881836,10.65999984741211,2021-01-08,9.569999694824219,2020-10-30,119.0,49.0,9.569999694824219
TIG,TIG,Insurance—Specialty,16-Jul-20,$15.00,17.049999237060547,17.899999618530273,2020-07-17,9.899999618530273,2020-11-06,1.0,113.0,14.369999885559082
RLAY,RLAY,Biotechnology,16-Jul-20,$20.00,35.0,57.59000015258789,2020-11-24,32.560001373291016,2020-08-14,131.0,29.0,32.560001373291016
ALXO,ALXO,Biotechnology,17-Jul-20,$19.00,36.5,117.44999694824219,2020-12-10,28.010000228881836,2020-07-23,146.0,6.0,28.010000228881836
BLI,BLI,Biotechnology,17-Jul-20,$22.00,51.04999923706055,113.52999877929688,2020-12-23,50.2599983215332,2020-07-17,159.0,0.0,50.2599983215332
PAND,PAND,Biotechnology,17-Jul-20,$18.00,27.0,27.75200080871582,2020-07-17,10.279999732971191,2020-10-28,0.0,103.0,17.399999618530273
RNLX,RNLX,Diagnostics & Research,17-Jul-20,$13.50,13.899999618530273,23.5,2021-01-15,9.906999588012695,2020-09-29,182.0,74.0,9.906999588012695
DFHT,DFHT,Shell Companies,17-Jul-20,$10.00,9.899999618530273,18.420000076293945,2021-01-11,9.899999618530273,2020-09-21,112.0,0.0,9.899999618530273
JAMF,JAMF,Software—Application,22-Jul-20,$26.00,46.0,51.0,2020-07-22,28.81999969482422,2021-01-04,0.0,166.0,35.849998474121094
PSTH,PSTH,Shell Companies,22-Jul-20,$20.00,22.0,31.209999084472656,2021-01-08,21.5,2020-09-11,119.0,0.0,21.5
PSAC,PSAC,Shell Companies,22-Jul-20,$10.00,10.0,12.350000381469727,2021-01-11,9.649999618530273,2020-09-02,131.0,0.0,9.649999618530273
EDTK,EDTK,Education & Training Services,23-Jul-20,$5.00,5.400000095367432,6.75,2020-07-23,2.759999990463257,2020-10-09,0.0,78.0,4.494999885559082
MEG,MEG,Waste Management,23-Jul-20,$15.00,16.5,44.47999954223633,2021-01-14,16.40999984741211,2020-07-23,175.0,0.0,16.40999984741211
ERES,ERES,Shell Companies,23-Jul-20,$10.00,9.800000190734863,10.600000381469727,2021-01-13,9.675000190734863,2020-12-03,121.0,80.0,9.675000190734863
ANNX,ANNX,Biotechnology,24-Jul-20,$17.00,17.399999618530273,31.940000534057617,2020-12-24,15.329999923706055,2020-07-27,153.0,3.0,15.329999923706055
INZY,INZY,Biotechnology,24-Jul-20,$16.00,20.799999237060547,31.649999618530273,2020-08-24,16.100000381469727,2020-07-24,31.0,0.0,16.100000381469727
ITOS,ITOS,Biotechnology,24-Jul-20,$19.00,25.549999237060547,35.939998626708984,2021-01-15,17.5,2020-07-27,175.0,3.0,17.5
NRIX,NRIX,Biotechnology,24-Jul-20,$19.00,18.059999465942383,52.380001068115234,2020-12-14,15.210000038146973,2020-08-11,143.0,18.0,15.210000038146973
GRCY,GRCY,Shell Companies,24-Jul-20,$10.00,9.758000373840332,11.015999794006348,2021-01-08,9.739999771118164,2020-09-08,122.0,0.0,9.739999771118164
ACND,ACND,Shell Companies,24-Jul-20,$10.00,9.899999618530273,11.0,2020-12-28,9.569999694824219,2020-10-30,105.0,46.0,9.569999694824219
ACEV,ACEV,Shell Companies,28-Jul-20,$10.00,9.789999961853027,12.949999809265137,2021-01-08,9.600000381469727,2020-10-30,109.0,39.0,9.600000381469727
VERX,VERX,Software—Application,29-Jul-20,$19.00,25.559999465942383,37.68000030517578,2020-12-23,21.110000610351562,2020-07-31,147.0,2.0,21.110000610351562
ALVR,ALVR,Biotechnology,30-Jul-20,$17.00,21.0,48.959999084472656,2020-12-23,18.149999618530273,2020-07-30,146.0,0.0,18.149999618530273
LI,LI,Auto Manufacturers,30-Jul-20,$11.50,15.489999771118164,47.70000076293945,2020-11-24,14.3100004196167,2020-08-14,117.0,15.0,14.3100004196167
CCIV,CCIV,Shell Companies,30-Jul-20,$10.00,10.25,21.0,2021-01-15,9.600000381469727,2020-10-30,119.0,42.0,9.600000381469727
GOED,GOED,Internet Retail,31-Jul-20,$9.00,9.399999618530273,17.75,2020-10-27,5.650000095367432,2020-09-01,88.0,32.0,5.650000095367432
VSTA,VSTA,Education & Training Services,31-Jul-20,$19.00,22.100000381469727,22.350000381469727,2020-07-31,10.9399995803833,2020-11-02,0.0,94.0,16.770000457763672
VITL,VITL,Farm Products,31-Jul-20,$22.00,35.0,43.29999923706055,2020-08-05,24.079999923706055,2021-01-04,5.0,157.0,34.040000915527344
FTHM,FTHM,Real Estate Services,31-Jul-20,$10.00,11.5,41.220001220703125,2021-01-07,8.614999771118164,2020-08-04,160.0,4.0,8.614999771118164
ETAC,ETAC,Shell Companies,31-Jul-20,$10.00,9.800000190734863,10.6899995803833,2021-01-13,9.529999732971191,2020-11-18,117.0,61.0,9.529999732971191
PRPB,PRPB,Shell Companies,31-Jul-20,$10.00,10.0,10.75,2021-01-13,9.720000267028809,2020-11-04,114.0,44.0,9.720000267028809
NHIC,NHIC,Shell Companies,31-Jul-20,$10.00,9.899999618530273,10.5,2021-01-14,9.430000305175781,2020-10-09,114.0,17.0,9.430000305175781
YAC,YAC,Shell Companies,04-Aug-20,$10.00,9.829999923706055,10.5,2021-01-08,9.59000015258789,2020-11-12,105.0,48.0,9.59000015258789
HSAQ,HSAQ,Shell Companies,04-Aug-20,$10.00,11.40999984741211,13.300000190734863,2021-01-04,10.489999771118164,2020-11-04,153.0,92.0,10.489999771118164
BIGC,BIGC,Software—Application,05-Aug-20,$24.00,68.0,162.5,2020-08-27,57.2599983215332,2021-01-05,22.0,153.0,63.77199935913086
RXT,RXT,Software—Infrastructure,05-Aug-20,$21.00,16.979999542236328,22.75,2020-09-01,15.25,2020-08-07,27.0,2.0,15.25
GOAC,GOAC,Shell Companies,05-Aug-20,$10.00,10.0,12.649999618530273,2020-10-16,9.640000343322754,2020-10-30,21.0,35.0,9.699999809265137
HOL,HOL,Shell Companies,05-Aug-20,$10.00,9.949999809265137,11.3100004196167,2021-01-13,9.524999618530273,2020-11-05,98.0,29.0,9.524999618530273
BOWX,BOWX,Shell Companies,05-Aug-20,$10.00,10.0,11.75,2020-12-28,9.654000282287598,2020-11-09,68.0,19.0,9.654000282287598
RKT,RKT,Mortgage Finance,06-Aug-20,$18.00,18.0,34.42300033569336,2020-09-02,17.5,2020-08-06,27.0,0.0,17.5
OSH,OSH,Medical Care Facilities,06-Aug-20,$21.00,42.5,64.38999938964844,2020-12-22,34.97999954223633,2020-08-06,138.0,0.0,34.97999954223633
AFIB,AFIB,Medical Devices,06-Aug-20,$18.00,24.110000610351562,38.9900016784668,2020-09-02,22.260000228881836,2020-11-05,27.0,91.0,24.0
KSMT,KSMT,Shell Companies,06-Aug-20,$10.00,9.699999809265137,10.649999618530273,2020-12-11,9.25,2020-10-30,67.0,25.0,9.25
GRSV,GRSV,Shell Companies,06-Aug-20,$10.00,20.989999771118164,21.739999771118164,2020-09-30,9.65999984741211,2020-10-30,0.0,30.0,10.0
IBEX,IBEX,Software—Application,07-Aug-20,$19.00,18.0,22.790000915527344,2020-12-09,9.270000457763672,2020-09-17,124.0,41.0,9.270000457763672
VMAC,VMAC,Shell Companies,07-Aug-20,$10.00,9.670000076293945,11.119999885559082,2020-10-01,9.670000076293945,2020-08-21,41.0,0.0,9.670000076293945
CMPI,CMPI,Biotechnology,07-Aug-20,$15.00,15.0,23.100000381469727,2020-12-21,8.609999656677246,2020-09-21,136.0,45.0,8.609999656677246
FRLN,FRLN,Biotechnology,07-Aug-20,$18.00,18.5,21.690000534057617,2020-08-07,14.619000434875488,2020-11-17,0.0,102.0,17.010000228881836
ARYA,ARYA,Shell Companies,07-Aug-20,$10.00,10.5,12.600000381469727,2021-01-14,10.0600004196167,2020-10-26,160.0,80.0,10.0600004196167
KBNT,KBNT,Software—Application,12-Aug-20,$5.00,5.0,9.300000190734863,2020-12-07,2.0999999046325684,2020-10-02,117.0,51.0,2.0999999046325684
FAII,FAII,Shell Companies,12-Aug-20,$10.00,9.989999771118164,11.680000305175781,2021-01-13,9.649999618530273,2020-10-26,103.0,24.0,9.649999618530273
FSDC,FSDC,Shell Companies,12-Aug-20,$10.00,10.260000228881836,13.569999694824219,2021-01-13,9.800000190734863,2020-11-24,154.0,104.0,9.800000190734863
NTST,NTST,REIT—Retail,13-Aug-20,$18.00,18.0,19.81999969482422,2020-10-08,16.649999618530273,2021-01-15,56.0,155.0,16.770000457763672
BEKE,BEKE,Real Estate Services,13-Aug-20,$20.00,35.060001373291016,79.4000015258789,2020-11-16,31.790000915527344,2020-08-13,95.0,0.0,31.790000915527344
RBAC,RBAC,Shell Companies,13-Aug-20,$10.00,10.5,12.399999618530273,2021-01-14,9.899999618530273,2020-10-05,101.0,0.0,9.899999618530273
DCT,DCT,Software—Application,14-Aug-20,$27.00,42.0,51.130001068115234,2021-01-14,35.099998474121094,2020-09-08,153.0,25.0,35.099998474121094
CVAC,CVAC,Biotechnology,14-Aug-20,$16.00,44.4900016784668,151.8000030517578,2020-12-09,36.150001525878906,2020-08-14,117.0,0.0,36.150001525878906
DMYD,DMYD,Shell Companies,14-Aug-20,$10.00,10.0,17.889999389648438,2021-01-04,9.795000076293945,2020-10-14,91.0,9.0,9.795000076293945
DGNR,DGNR,Shell Companies,14-Aug-20,$10.00,12.0,14.739999771118164,2021-01-08,10.899999618530273,2020-10-30,95.0,25.0,10.899999618530273
LCAP,LCAP,Shell Companies,14-Aug-20,$10.00,9.675999641418457,10.640000343322754,2021-01-14,9.5600004196167,2020-10-21,85.0,0.0,9.5600004196167
NGA,NGA,Shell Companies,18-Aug-20,$10.00,9.699999809265137,35.25,2021-01-15,9.600000381469727,2020-10-13,99.0,5.0,9.600000381469727
STPK,STPK,Shell Companies,18-Aug-20,$10.00,10.0,38.20000076293945,2021-01-13,9.600000381469727,2020-11-09,97.0,32.0,9.600000381469727
FIII,FIII,Shell Companies,18-Aug-20,$10.00,10.0,15.300000190734863,2020-12-28,9.670000076293945,2020-10-30,98.0,39.0,9.670000076293945
AONE,AONE,Shell Companies,18-Aug-20,$10.00,10.25,11.260000228881836,2021-01-14,9.699999809265137,2020-11-09,98.0,32.0,9.699999809265137
HRMY,HRMY,Biotechnology,19-Aug-20,$24.00,39.9900016784668,52.7400016784668,2020-11-11,28.96500015258789,2020-10-07,84.0,49.0,28.96500015258789
INBX,INBX,Biotechnology,19-Aug-20,$17.00,22.100000381469727,50.970001220703125,2020-12-18,15.199999809265137,2020-11-02,121.0,75.0,15.199999809265137
BFT,BFT,Shell Companies,19-Aug-20,$10.00,9.710000038146973,17.0,2020-12-28,9.595000267028809,2020-10-28,80.0,19.0,9.595000267028809
NNOX,NNOX,Medical Devices,21-Aug-20,$18.00,20.34000015258789,69.18000030517578,2020-12-01,20.2549991607666,2020-08-21,102.0,0.0,20.2549991607666
KYMR,KYMR,Biotechnology,21-Aug-20,$20.00,35.0099983215332,91.91999816894531,2020-12-28,25.43000030517578,2020-09-09,129.0,19.0,25.43000030517578
CLA,CLA,Shell Companies,21-Aug-20,$10.00,9.699999809265137,17.729999542236328,2020-12-24,0.019999999552965164,2020-10-12,76.0,3.0,0.019999999552965164
FST,FST,Shell Companies,21-Aug-20,$10.00,9.75,12.449999809265137,2021-01-14,9.59000015258789,2020-10-16,94.0,4.0,9.59000015258789
HZAC,HZAC,Shell Companies,21-Aug-20,$10.00,10.0,10.880000114440918,2020-11-30,9.28499984741211,2020-11-06,49.0,25.0,9.28499984741211
FTOC,FTOC,Shell Companies,26-Aug-20,$10.00,9.699999809265137,10.829999923706055,2021-01-12,9.600000381469727,2020-10-28,88.0,12.0,9.600000381469727
BTAQ,BTAQ,Shell Companies,27-Aug-20,$10.00,9.75,11.399999618530273,2021-01-14,9.640000343322754,2020-10-28,98.0,20.0,9.640000343322754
XPEV,XPEV,Auto Manufacturers,27-Aug-20,$15.00,23.100000381469727,74.48999786376953,2020-11-24,17.110000610351562,2020-09-24,89.0,28.0,17.110000610351562
CFII,CFII,Shell Companies,27-Aug-20,$10.00,9.699999809265137,13.289999961853027,2021-01-11,9.600000381469727,2020-10-26,84.0,7.0,9.600000381469727
HCDI,HCDI,Real Estate—Development,28-Aug-20,$6.00,5.5,8.362000465393066,2020-08-31,2.9600000381469727,2021-01-15,3.0,140.0,5.071000099182129
GP,GP,Auto Manufacturers,28-Aug-20,$20.00,22.0,34.45000076293945,2021-01-06,8.220000267028809,2020-10-29,131.0,62.0,8.220000267028809
AUVI,AUVI,"Furnishings, Fixtures & Appliances",31-Aug-20,$5.00,5.75,12.989999771118164,2020-08-31,4.519999980926514,2020-12-31,0.0,122.0,5.150000095367432
PRFX,PRFX,Drug Manufacturers—Specialty & Generic,01-Sep-20,$8.00,7.75,7.849999904632568,2020-09-01,3.819999933242798,2021-01-06,0.0,127.0,6.099999904632568
CMLF,CMLF,Shell Companies,02-Sep-20,$10.00,9.800000190734863,12.880000114440918,2021-01-14,9.65999984741211,2020-11-16,71.0,12.0,9.65999984741211
INAQ,INAQ,Shell Companies,03-Sep-20,$10.00,9.75,18.0,2021-01-15,9.75,2020-11-09,67.0,0.0,9.75
BCTG,BCTG,Shell Companies,03-Sep-20,$10.00,9.880000114440918,12.9399995803833,2021-01-12,9.829999923706055,2020-10-27,131.0,54.0,9.829999923706055
TWND,TWND,Shell Companies,04-Sep-20,$10.00,9.800000190734863,10.876999855041504,2020-12-22,9.550000190734863,2020-10-27,60.0,4.0,9.550000190734863
CAPA,CAPA,Shell Companies,04-Sep-20,$10.00,9.880000114440918,11.880000114440918,2020-11-30,9.880000114440918,2020-11-13,17.0,0.0,9.880000114440918
CRHC,CRHC,Shell Companies,09-Sep-20,$10.00,9.800000190734863,11.130000114440918,2021-01-15,9.649999618530273,2020-11-03,77.0,4.0,9.649999618530273
ITAC,ITAC,Shell Companies,09-Sep-20,$10.00,9.649999618530273,11.25,2020-12-23,9.649999618530273,2020-10-30,54.0,0.0,9.649999618530273
NSH,NSH,Shell Companies,10-Sep-20,$10.00,9.5,10.6899995803833,2021-01-14,9.5,2020-11-03,72.0,0.0,9.5
PIAI,PIAI,Shell Companies,10-Sep-20,$10.00,9.510000228881836,10.979999542236328,2021-01-12,9.510000228881836,2020-11-02,71.0,0.0,9.510000228881836
SVAC,SVAC,Shell Companies,10-Sep-20,$10.00,9.649999618530273,11.489999771118164,2021-01-13,9.649999618530273,2020-11-02,72.0,0.0,9.649999618530273
TWCT,TWCT,Shell Companies,11-Sep-20,$10.00,9.649999618530273,11.369999885559082,2020-12-30,9.649999618530273,2020-11-06,54.0,0.0,9.649999618530273
SNPR,SNPR,Shell Companies,11-Sep-20,$10.00,10.0,12.770000457763672,2021-01-14,9.460000038146973,2020-11-02,73.0,0.0,9.460000038146973
BSN,BSN,Shell Companies,11-Sep-20,$10.00,9.699999809265137,10.390000343322754,2021-01-15,9.595000267028809,2020-11-06,74.0,4.0,9.595000267028809
LEAP,LEAP,Shell Companies,11-Sep-20,$10.00,11.510000228881836,16.200000762939453,2021-01-14,10.960000038146973,2020-11-09,73.0,7.0,10.960000038146973
LSPD,LSPD,Software—Application,11-Sep-20,$30.50,32.0,79.02999877929688,2021-01-14,28.290000915527344,2020-09-21,125.0,10.0,28.290000915527344
SAII,SAII,Shell Companies,15-Sep-20,$10.00,9.649999618530273,10.399999618530273,2021-01-13,9.649999618530273,2020-10-07,98.0,0.0,9.649999618530273
SBG,SBG,Shell Companies,15-Sep-20,$10.00,9.800000190734863,10.449999809265137,2021-01-15,9.640000343322754,2020-11-11,71.0,6.0,9.640000343322754
OM,OM,Medical Devices,15-Sep-20,$27.00,52.0,66.95999908447266,2020-11-17,42.5,2020-10-09,63.0,24.0,42.5
SNOW,SNOW,Software—Application,16-Sep-20,$120.00,245.0,429.0,2020-12-08,208.5500030517578,2020-09-24,83.0,8.0,208.5500030517578
FROG,FROG,Software—Application,16-Sep-20,$44.00,71.2699966430664,95.19999694824219,2020-10-26,57.141998291015625,2020-11-23,40.0,68.0,60.0
EQD,EQD,Shell Companies,16-Sep-20,$10.00,9.75,10.899999618530273,2020-11-13,9.319999694824219,2020-11-06,7.0,0.0,9.319999694824219
ENPC,ENPC,Shell Companies,16-Sep-20,$25.00,24.760000228881836,26.309999465942383,2020-11-19,24.0,2020-11-10,13.0,4.0,24.0
MTCR,MTCR,Biotechnology,16-Sep-20,$13.00,14.619999885559082,16.190000534057617,2020-09-16,7.639999866485596,2020-11-27,0.0,72.0,11.295000076293945
STEP,STEP,Asset Management,16-Sep-20,$18.00,24.75,40.97999954223633,2020-12-31,22.719999313354492,2020-09-17,106.0,1.0,22.719999313354492
AMWL,AMWL,Health Information Services,17-Sep-20,$18.00,25.510000228881836,41.79999923706055,2020-10-07,21.34000015258789,2020-11-17,20.0,61.0,22.100000381469727
SUMO,SUMO,Software—Application,17-Sep-20,$22.00,26.639999389648438,35.70000076293945,2020-12-22,16.709999084472656,2020-10-30,96.0,43.0,16.709999084472656
STWO,STWO,Shell Companies,17-Sep-20,$10.00,9.899999618530273,10.805000305175781,2021-01-15,9.75,2020-12-01,46.0,1.0,9.75
OACB,OACB,Shell Companies,17-Sep-20,$10.00,9.75,11.619999885559082,2020-12-22,9.6899995803833,2020-11-10,43.0,1.0,9.6899995803833
RTP,RTP,Shell Companies,17-Sep-20,$10.00,10.899999618530273,12.630000114440918,2021-01-14,10.350000381469727,2020-11-10,66.0,1.0,10.350000381469727
DYN,DYN,Biotechnology,17-Sep-20,$19.00,22.59000015258789,29.93000030517578,2021-01-14,15.600000381469727,2020-10-19,119.0,32.0,15.600000381469727
PTVE,PTVE,Packaging & Containers,17-Sep-20,$14.00,12.760000228881836,19.610000610351562,2020-12-11,10.399999618530273,2020-09-17,85.0,0.0,10.399999618530273
BNL,BNL,REIT—Diversified,17-Sep-20,$17.00,16.5,19.989999771118164,2020-12-18,15.899999618530273,2020-09-17,92.0,0.0,15.899999618530273
U,U,Software—Application,18-Sep-20,$52.00,75.0,174.94000244140625,2020-12-23,65.11000061035156,2020-09-21,96.0,3.0,65.11000061035156
AHAC,AHAC,Shell Companies,18-Sep-20,$10.00,9.699999809265137,10.329999923706055,2020-12-31,9.649999618530273,2020-12-01,30.0,0.0,9.649999618530273
CMPS,CMPS,Medical Care Facilities,18-Sep-20,$17.00,23.399999618530273,61.689998626708984,2020-12-14,22.510000228881836,2020-09-18,87.0,0.0,22.510000228881836
ATHA,ATHA,Biotechnology,18-Sep-20,$17.00,19.950000762939453,34.790000915527344,2020-12-31,15.789999961853027,2020-09-24,104.0,6.0,15.789999961853027
VTRU,VTRU,Education & Training Services,18-Sep-20,$16.00,16.25,17.0,2020-09-18,11.319999694824219,2020-10-30,0.0,42.0,13.5600004196167
NMMC,NMMC,Shell Companies,18-Sep-20,$10.00,9.75,13.6899995803833,2020-12-07,9.75,2020-11-20,17.0,0.0,9.75
PMVC,PMVC,Shell Companies,22-Sep-20,$10.00,9.90999984741211,10.34000015258789,2021-01-14,9.600000381469727,2020-11-12,63.0,0.0,9.600000381469727
FCAC,FCAC,Shell Companies,22-Sep-20,$10.00,10.616999626159668,12.430000305175781,2021-01-14,9.970000267028809,2020-11-27,51.0,3.0,9.970000267028809
CRSR,CRSR,Computer Hardware,23-Sep-20,$17.00,15.119999885559082,51.369998931884766,2020-11-24,14.09000015258789,2020-09-23,62.0,0.0,14.09000015258789
LSF,LSF,Packaged Foods,23-Sep-20,$22.00,33.54999923706055,60.79999923706055,2020-10-20,31.0,2020-09-23,27.0,0.0,31.0
GDRX,GDRX,Health Information Services,23-Sep-20,$33.00,46.70000076293945,64.21900177001953,2020-09-29,33.5099983215332,2020-11-18,6.0,56.0,45.5
BSY,BSY,Software—Application,23-Sep-20,$22.00,28.0,54.61800003051758,2021-01-14,27.0,2020-09-23,113.0,0.0,27.0
ACTC,ACTC,Shell Companies,23-Sep-20,$10.00,9.949999809265137,28.399999618530273,2021-01-15,9.739999771118164,2020-12-02,46.0,2.0,9.739999771118164
VIH,VIH,Shell Companies,23-Sep-20,$10.00,9.699999809265137,18.350000381469727,2021-01-12,9.699999809265137,2020-11-24,49.0,0.0,9.699999809265137
ASPL,ASPL,Shell Companies,23-Sep-20,$10.00,9.890000343322754,10.449999809265137,2021-01-14,9.649999618530273,2020-11-24,57.0,6.0,9.649999618530273
PDAC,PDAC,Shell Companies,24-Sep-20,$10.00,9.75,12.399999618530273,2021-01-14,9.600000381469727,2020-11-19,59.0,3.0,9.600000381469727
TSHA,TSHA,Biotechnology,24-Sep-20,$20.00,22.239999771118164,30.959999084472656,2021-01-14,18.15999984741211,2020-10-05,112.0,11.0,18.15999984741211
AMST,AMST,Software—Application,25-Sep-20,$5.00,4.949999809265137,6.579999923706055,2020-09-25,3.6500000953674316,2020-11-09,0.0,45.0,4.550000190734863
PRLD,PRLD,Biotechnology,25-Sep-20,$19.00,25.229999542236328,89.05999755859375,2020-12-24,23.69300079345703,2020-09-25,90.0,0.0,23.69300079345703
PMVP,PMVP,Biotechnology,25-Sep-20,$18.00,35.0,63.220001220703125,2021-01-04,31.049999237060547,2020-11-16,101.0,52.0,31.049999237060547
GRAY,GRAY,Biotechnology,25-Sep-20,$16.00,19.0,37.880001068115234,2020-11-23,12.5,2020-09-30,59.0,5.0,12.5
VIAO,VIAO,Electronic Components,25-Sep-20,$15.00,12.0,14.074999809265137,2021-01-04,7.039999961853027,2020-10-15,101.0,20.0,7.039999961853027
GLSI,GLSI,Biotechnology,25-Sep-20,$5.75,5.75,158.07000732421875,2020-12-09,3.26200008392334,2020-11-04,75.0,40.0,3.26200008392334
FTIV,FTIV,Shell Companies,25-Sep-20,$10.00,10.050000190734863,12.5,2020-12-30,9.600000381469727,2020-11-24,36.0,0.0,9.600000381469727
VACQ,VACQ,Shell Companies,25-Sep-20,$10.00,9.75,11.390000343322754,2020-12-09,9.720000267028809,2020-11-30,15.0,6.0,9.720000267028809
SYTA,SYTA,Communication Equipment,25-Sep-20,$7.25,5.0,11.899999618530273,2020-12-16,3.9000000953674316,2020-09-25,82.0,0.0,3.9000000953674316
ORPH,ORPH,Biotechnology,29-Sep-20,$11.00,10.800000190734863,13.279999732971191,2021-01-14,8.890000343322754,2020-11-02,107.0,34.0,8.890000343322754
PLTR,PLTR,Software—Infrastructure,30-Sep-20,$7.25,10.0,33.5,2020-11-27,8.899999618530273,2020-10-06,58.0,6.0,8.899999618530273
FGNA,FGNA,Shell Companies,30-Sep-20,$10.00,9.899999618530273,10.800000190734863,2021-01-14,9.779999732971191,2020-11-20,55.0,0.0,9.779999732971191
BQ,BQ,Specialty Retail,30-Sep-20,$10.00,10.0,10.430000305175781,2020-09-30,4.059999942779541,2020-11-04,0.0,35.0,6.5
ASAN,ASAN,Software—Application,30-Sep-20,$21.00,27.0,39.70000076293945,2021-01-15,20.56999969482422,2020-11-12,107.0,43.0,20.56999969482422
YALA,YALA,Software—Application,30-Sep-20,$7.50,9.75,23.18000030517578,2020-12-09,6.260000228881836,2020-10-01,70.0,1.0,6.260000228881836
CD,CD,Information Technology Services,30-Sep-20,$13.50,14.5,24.299999237060547,2020-12-31,13.119999885559082,2020-10-28,92.0,28.0,13.119999885559082
VSPR,VSPR,Shell Companies,30-Sep-20,$10.00,10.84000015258789,12.84000015258789,2020-12-28,10.010000228881836,2020-12-02,34.0,8.0,10.010000228881836
CLII,CLII,Shell Companies,30-Sep-20,$10.00,9.899999618530273,13.489999771118164,2021-01-12,9.75,2020-11-24,50.0,1.0,9.75
QELL,QELL,Shell Companies,30-Sep-20,$10.00,10.529999732971191,14.0,2020-12-11,10.15999984741211,2020-11-23,18.0,0.0,10.15999984741211
AVO,AVO,Farm Products,01-Oct-20,$12.00,13.640000343322754,16.0,2021-01-14,11.75,2020-10-06,104.0,4.0,11.75
RCHG,RCHG,Shell Companies,01-Oct-20,$10.00,10.380000114440918,10.449999809265137,2021-01-13,9.720000267028809,2020-11-27,47.0,0.0,9.720000267028809
IGAC,IGAC,Shell Companies,01-Oct-20,$10.00,9.800000190734863,10.970000267028809,2020-12-11,9.670000076293945,2020-12-01,10.0,0.0,9.670000076293945
LXEH,LXEH,Education & Training Services,01-Oct-20,$9.25,10.0,10.977999687194824,2020-12-18,5.599999904632568,2020-10-02,78.0,1.0,5.599999904632568
IMPX,IMPX,Shell Companies,01-Oct-20,$10.00,9.64900016784668,10.869999885559082,2021-01-15,9.64900016784668,2020-11-24,52.0,0.0,9.64900016784668
THRY,THRY,Internet Content & Information,01-Oct-20,$10.17,14.0,25.1299991607666,2021-01-12,8.100000381469727,2020-11-02,103.0,32.0,8.100000381469727
LUNG,LUNG,Medical Devices,01-Oct-20,$19.00,40.0,69.47799682617188,2020-12-31,37.63999938964844,2020-10-01,91.0,0.0,37.63999938964844
AGC,AGC,Shell Companies,01-Oct-20,$10.00,11.890000343322754,15.609999656677246,2021-01-14,11.5,2020-12-04,44.0,3.0,11.5
ASO,ASO,Specialty Retail,02-Oct-20,$13.00,12.100000381469727,23.239999771118164,2021-01-13,12.050000190734863,2020-10-02,103.0,0.0,12.050000190734863
IMNM,IMNM,Biotechnology,02-Oct-20,$12.00,15.65999984741211,16.770000457763672,2020-10-02,9.274999618530273,2020-12-31,0.0,90.0,12.210000038146973
CCCC,CCCC,Biotechnology,02-Oct-20,$19.00,26.600000381469727,41.400001525878906,2021-01-14,22.399999618530273,2020-10-09,104.0,7.0,22.399999618530273
ONCR,ONCR,Biotechnology,02-Oct-20,$15.00,15.5,37.86000061035156,2021-01-05,14.600000381469727,2020-10-02,95.0,0.0,14.600000381469727
ASAQ,ASAQ,Shell Companies,02-Oct-20,$10.00,9.619999885559082,10.350000381469727,2021-01-13,9.550000190734863,2020-10-28,90.0,13.0,9.550000190734863
SEAH,SEAH,Shell Companies,02-Oct-20,$10.00,10.0,10.800000190734863,2021-01-12,9.680000305175781,2020-11-23,50.0,0.0,9.680000305175781
VYGG,VYGG,Shell Companies,02-Oct-20,$10.00,10.199999809265137,11.380000114440918,2021-01-08,9.630000114440918,2020-12-30,49.0,40.0,9.630000114440918
IACA,IACA,Shell Companies,02-Oct-20,$10.00,10.050000190734863,14.5600004196167,2020-12-23,9.960000038146973,2020-11-04,57.0,8.0,9.960000038146973
AVAN,AVAN,Shell Companies,02-Oct-20,$10.00,9.75,10.829999923706055,2020-12-28,9.710000038146973,2020-12-07,34.0,13.0,9.710000038146973
VGAC,VGAC,Shell Companies,02-Oct-20,$10.00,9.829999923706055,12.770000457763672,2020-12-09,9.649999618530273,2020-11-23,16.0,0.0,9.649999618530273
APSG,APSG,Shell Companies,02-Oct-20,$10.00,9.649999618530273,10.949999809265137,2021-01-13,9.649999618530273,2020-11-24,50.0,0.0,9.649999618530273
FMAC,FMAC,Shell Companies,06-Oct-20,$10.00,9.920999526977539,11.520000457763672,2021-01-14,9.920999526977539,2020-11-27,48.0,0.0,9.920999526977539
SQFT,SQFT,REIT—Diversified,07-Oct-20,$5.00,4.800000190734863,10.239999771118164,2020-12-18,2.7200000286102295,2020-12-10,72.0,64.0,2.7200000286102295
TPGY,TPGY,Shell Companies,07-Oct-20,$10.00,9.760000228881836,33.880001068115234,2020-12-23,9.760000228881836,2020-11-27,26.0,0.0,9.760000228881836
PACE,PACE,Shell Companies,07-Oct-20,$10.00,9.699999809265137,12.430000305175781,2020-12-14,9.699999809265137,2020-11-27,17.0,0.0,9.699999809265137
MAAC,MAAC,Shell Companies,07-Oct-20,$10.00,10.5,10.720000267028809,2021-01-13,9.75,2020-12-10,36.0,2.0,9.75
EMPW,EMPW,Shell Companies,07-Oct-20,$10.00,9.75,10.550000190734863,2020-11-30,9.75,2020-11-27,3.0,0.0,9.75
NGAC,NGAC,Shell Companies,07-Oct-20,$10.00,16.0,16.0,2020-12-08,9.699999809265137,2020-12-08,0.0,0.0,9.699999809265137
PAIC,PAIC,Shell Companies,08-Oct-20,$10.00,9.75,10.800000190734863,2020-11-27,9.75,2020-11-17,10.0,0.0,9.75
AZYO,AZYO,Medical Devices,08-Oct-20,$17.00,17.31999969482422,18.0,2020-10-08,10.550000190734863,2020-11-10,0.0,33.0,13.75
FUBO,FUBO,Broadcasting,08-Oct-20,$10.00,11.0,62.290000915527344,2020-12-22,9.0600004196167,2020-10-13,75.0,5.0,9.0600004196167
INTZ,INTZ,Software—Application,09-Oct-20,$8.00,8.399999618530273,27.639999389648438,2021-01-14,8.25,2020-10-09,97.0,0.0,8.25
IH,IH,Education & Training Services,09-Oct-20,$12.00,12.119999885559082,31.58300018310547,2020-11-24,12.119999885559082,2020-10-09,46.0,0.0,12.119999885559082
LCY,LCY,Shell Companies,09-Oct-20,$10.00,10.0,11.770000457763672,2021-01-15,9.600000381469727,2020-12-03,43.0,0.0,9.600000381469727
IPOD,IPOD,Shell Companies,09-Oct-20,$10.00,11.350000381469727,16.979999542236328,2021-01-14,10.520000457763672,2020-12-02,44.0,1.0,10.520000457763672
IPOE,IPOE,Shell Companies,09-Oct-20,$10.00,10.600000381469727,22.0,2021-01-07,10.369999885559082,2020-12-04,37.0,3.0,10.369999885559082
IPOF,IPOF,Shell Companies,09-Oct-20,$10.00,10.350000381469727,15.680000305175781,2021-01-14,10.149999618530273,2020-12-01,44.0,0.0,10.149999618530273
STTK,STTK,Biotechnology,09-Oct-20,$17.00,22.0,60.51599884033203,2020-12-24,17.510000228881836,2020-10-09,76.0,0.0,17.510000228881836
SPRB,SPRB,Biotechnology,09-Oct-20,$15.00,18.139999389648438,35.599998474121094,2020-11-27,15.119999885559082,2020-10-09,49.0,0.0,15.119999885559082
KRON,KRON,Biotechnology,09-Oct-20,$19.00,28.5,39.60499954223633,2020-11-24,25.500999450683594,2020-10-09,46.0,0.0,25.500999450683594
CDAK,CDAK,Biotechnology,14-Oct-20,$15.00,14.100000381469727,37.849998474121094,2021-01-07,7.900000095367432,2020-11-18,85.0,35.0,7.900000095367432
FVAM,FVAM,Shell Companies,14-Oct-20,$10.00,10.0,11.0,2020-10-15,9.979999542236328,2020-10-16,1.0,2.0,9.994999885559082
ARRY,ARRY,Solar,15-Oct-20,$22.00,29.5,54.779998779296875,2021-01-08,29.049999237060547,2020-10-15,85.0,0.0,29.049999237060547
MNSO,MNSO,Specialty Retail,15-Oct-20,$20.00,24.399999618530273,31.600000381469727,2020-12-24,17.979999542236328,2020-11-24,70.0,40.0,17.979999542236328
MOTN,MOTN,Shell Companies,15-Oct-20,$10.00,10.149999618530273,10.583999633789062,2021-01-12,9.949999809265137,2020-12-31,26.0,14.0,9.949999809265137
TMTS,TMTS,Shell Companies,15-Oct-20,$10.00,9.75,10.586000442504883,2020-11-19,9.649999618530273,2020-11-02,17.0,0.0,9.649999618530273
EBC,EBC,Banks—Regional,15-Oct-20,$10.00,12.25,17.049999237060547,2021-01-07,11.739999771118164,2020-10-19,84.0,4.0,11.739999771118164
KRBP,KRBP,Biotechnology,16-Oct-20,$12.00,11.800000190734863,18.5,2020-12-17,8.010000228881836,2020-11-24,62.0,39.0,8.010000228881836
BTWN,BTWN,Shell Companies,16-Oct-20,$10.00,23.799999237060547,25.84000015258789,2020-12-07,10.5,2020-12-07,0.0,0.0,10.5
OPT,OPT,Biotechnology,16-Oct-20,$13.50,11.050000190734863,14.0,2020-10-22,10.220000267028809,2020-10-16,6.0,0.0,10.220000267028809
PRAX,PRAX,Biotechnology,16-Oct-20,$19.00,25.940000534057617,60.95100021362305,2021-01-08,23.899999618530273,2020-11-10,84.0,25.0,23.899999618530273
EAR,EAR,Medical Devices,16-Oct-20,$18.00,36.0,62.9900016784668,2021-01-13,32.58000183105469,2020-10-20,89.0,4.0,32.58000183105469
TARS,TARS,Biotechnology,16-Oct-20,$16.00,16.200000762939453,63.689998626708984,2020-12-18,15.324999809265137,2020-10-16,63.0,0.0,15.324999809265137
ALGS,ALGS,Biotechnology,16-Oct-20,$15.00,17.399999618530273,36.58000183105469,2021-01-14,12.819999694824219,2020-10-20,90.0,4.0,12.819999694824219
TMPM,TMPM,Shell Companies,16-Oct-20,$10.00,10.0600004196167,11.0,2021-01-05,9.954999923706055,2020-12-30,6.0,0.0,9.954999923706055
GWAC,GWAC,Shell Companies,20-Oct-20,$10.00,9.800000190734863,10.529999732971191,2020-12-28,9.699999809265137,2020-12-07,21.0,0.0,9.699999809265137
DCRB,DCRB,Shell Companies,20-Oct-20,$10.00,10.3100004196167,12.470000267028809,2021-01-14,10.010000228881836,2020-12-16,31.0,2.0,10.010000228881836
HZON,HZON,Shell Companies,20-Oct-20,$10.00,10.100000381469727,11.25,2020-12-14,9.90999984741211,2020-12-10,4.0,0.0,9.90999984741211
HLXA,HLXA,Shell Companies,20-Oct-20,$10.00,10.15999984741211,11.75,2020-12-30,10.15999984741211,2020-10-20,71.0,0.0,10.15999984741211
YGMZ,YGMZ,Trucking,21-Oct-20,$4.00,4.400000095367432,18.84000015258789,2020-12-17,3.6589999198913574,2020-12-04,57.0,44.0,3.6589999198913574
SPNV,SPNV,Shell Companies,21-Oct-20,$10.00,10.973999977111816,13.0,2020-12-11,10.149999618530273,2020-12-11,0.0,0.0,10.149999618530273
HIGA,HIGA,Shell Companies,21-Oct-20,$10.00,10.0,15.460000038146973,2020-12-14,9.75,2020-12-11,3.0,0.0,9.75
MSP,MSP,Software—Application,21-Oct-20,$27.00,32.0,33.459999084472656,2020-11-13,24.059999465942383,2021-01-06,23.0,77.0,26.0
SRSA,SRSA,Shell Companies,21-Oct-20,$10.00,10.010000228881836,12.289999961853027,2021-01-08,10.010000228881836,2020-12-30,9.0,0.0,10.010000228881836
XPOA,XPOA,Shell Companies,21-Oct-20,$10.00,10.25,11.069999694824219,2020-12-28,10.0,2020-12-11,17.0,0.0,10.0
LFTR,LFTR,Shell Companies,21-Oct-20,$10.00,10.109999656677246,11.699999809265137,2020-12-23,9.899999618530273,2020-12-18,5.0,0.0,9.899999618530273
TEKK,TEKK,Shell Companies,22-Oct-20,$10.00,10.154999732971191,11.005000114440918,2021-01-05,9.899999618530273,2021-01-04,6.0,5.0,9.899999618530273
MCFE,MCFE,Software—Application,22-Oct-20,$20.00,18.600000381469727,19.780000686645508,2020-10-23,14.800000190734863,2020-12-08,1.0,47.0,18.290000915527344
GHLD,GHLD,Mortgage Finance,22-Oct-20,$15.00,15.0,18.0,2021-01-12,13.130000114440918,2020-11-19,82.0,28.0,13.130000114440918
BLSA,BLSA,Shell Companies,22-Oct-20,$10.00,10.279999732971191,12.085000038146973,2020-12-18,10.149999618530273,2020-10-22,57.0,0.0,10.149999618530273
CTAC,CTAC,Shell Companies,22-Oct-20,$10.00,10.100000381469727,11.0,2020-12-15,9.729999542236328,2020-12-15,4.0,4.0,9.729999542236328
ABCM,ABCM,Biotechnology,22-Oct-20,$17.50,18.0,24.690000534057617,2021-01-14,17.709999084472656,2020-10-22,84.0,0.0,17.709999084472656
RICE,RICE,Shell Companies,22-Oct-20,$10.00,11.5,12.305000305175781,2021-01-14,10.199999809265137,2020-12-16,31.0,2.0,10.199999809265137
YSAC,YSAC,Shell Companies,22-Oct-20,$10.00,9.975000381469727,10.630000114440918,2020-12-24,9.90999984741211,2021-01-08,16.0,31.0,9.975000381469727
FHTX,FHTX,Biotechnology,23-Oct-20,$16.00,19.0,28.264999389648438,2020-12-18,14.029999732971191,2020-10-28,56.0,5.0,14.029999732971191
ACAC,ACAC,Shell Companies,23-Oct-20,$10.00,10.5,11.279999732971191,2020-12-22,9.961000442504883,2020-12-23,1.0,2.0,10.154999732971191
EUCR,EUCR,Shell Companies,23-Oct-20,$10.00,10.0,10.779999732971191,2021-01-07,9.989999771118164,2021-01-04,9.0,6.0,9.989999771118164
ATAC,ATAC,Shell Companies,23-Oct-20,$10.00,10.75,12.069999694824219,2020-12-28,10.0,2020-12-15,14.0,1.0,10.0
MACU,MACU,Shell Companies,27-Oct-20,$10.00,10.25,10.390000343322754,2021-01-05,9.800000190734863,2020-12-11,25.0,0.0,9.800000190734863
LUXA,LUXA,Shell Companies,27-Oct-20,$10.00,11.0,12.09000015258789,2020-12-21,10.300000190734863,2020-12-22,3.0,4.0,10.609999656677246
BOAC,BOAC,Shell Companies,28-Oct-20,$10.00,11.149999618530273,13.09000015258789,2020-12-24,10.029999732971191,2020-12-18,6.0,0.0,10.029999732971191
GATO,GATO,Other Precious Metals & Mining,28-Oct-20,$7.00,6.5,15.720000267028809,2021-01-04,5.78000020980835,2020-10-28,68.0,0.0,5.78000020980835
BDSX,BDSX,Diagnostics & Research,28-Oct-20,$18.00,13.59000015258789,28.809999465942383,2021-01-15,10.850000381469727,2020-11-09,79.0,12.0,10.850000381469727
MAX,MAX,Internet Content & Information,28-Oct-20,$19.00,23.0,52.93000030517578,2020-11-09,21.6200008392334,2020-10-28,12.0,0.0,21.6200008392334
ROOT,ROOT,Insurance—Property & Casualty,28-Oct-20,$27.00,26.0,29.479999542236328,2020-10-28,13.569999694824219,2020-12-16,0.0,49.0,26.0
AJAX,AJAX,Shell Companies,28-Oct-20,$10.00,11.5,13.350000381469727,2020-12-28,11.0,2020-12-18,10.0,0.0,11.0
ACIC,ACIC,Shell Companies,28-Oct-20,$10.00,10.149999618530273,11.819999694824219,2020-12-28,9.729999542236328,2020-12-23,10.0,5.0,9.729999542236328
ABST,ABST,Software—Application,28-Oct-20,$11.00,11.0,13.869999885559082,2021-01-14,9.359999656677246,2020-11-19,78.0,22.0,9.359999656677246
DSAC,DSAC,Shell Companies,29-Oct-20,$10.00,9.737000465393066,10.505999565124512,2020-12-08,9.6899995803833,2020-12-08,1.0,1.0,9.6899995803833
ALGM,ALGM,Semiconductors,29-Oct-20,$14.00,19.399999618530273,34.65999984741211,2021-01-15,16.780000686645508,2020-10-30,78.0,1.0,16.780000686645508
GLTO,GLTO,Biotechnology,29-Oct-20,$15.00,15.0,17.989999771118164,2020-11-23,11.569999694824219,2020-12-29,25.0,61.0,13.319999694824219
LESL,LESL,Home Improvement Retail,29-Oct-20,$17.00,20.670000076293945,28.950000762939453,2020-12-24,19.149999618530273,2020-11-24,56.0,26.0,19.149999618530273
JUPW,JUPW,Drug Manufacturers—Specialty & Generic,30-Oct-20,$7.50,6.5,8.350000381469727,2020-12-17,3.7300000190734863,2020-11-05,48.0,6.0,3.7300000190734863
BHSE,BHSE,Shell Companies,30-Oct-20,$10.00,9.899999618530273,11.1899995803833,2020-12-30,9.800000190734863,2020-12-21,13.0,4.0,9.800000190734863
NBA,NBA,Shell Companies,30-Oct-20,$10.00,9.800000190734863,10.9399995803833,2020-12-24,9.800000190734863,2020-11-19,35.0,0.0,9.800000190734863
CONX,CONX,Shell Companies,30-Oct-20,$10.00,10.0,10.5,2020-12-22,9.869999885559082,2021-01-04,1.0,14.0,9.90999984741211
LU,LU,Credit Services,30-Oct-20,$13.50,11.600000381469727,20.170000076293945,2020-11-13,11.5600004196167,2020-10-30,14.0,0.0,11.5600004196167
AVIR,AVIR,Biotechnology,30-Oct-20,$24.00,27.030000686645508,57.189998626708984,2021-01-15,24.149999618530273,2020-11-09,77.0,10.0,24.149999618530273
SQZ,SQZ,Biotechnology,30-Oct-20,$16.00,15.050000190734863,36.4900016784668,2020-11-17,12.979999542236328,2020-10-30,18.0,0.0,12.979999542236328
DBDR,DBDR,Shell Companies,06-Nov-20,$10.00,9.829999923706055,10.579999923706055,2021-01-14,9.449999809265137,2020-11-24,56.0,5.0,9.449999809265137
ADOC,ADOC,Shell Companies,10-Nov-20,$10.00,9.850000381469727,10.34000015258789,2021-01-12,9.850000381469727,2020-12-10,33.0,0.0,9.850000381469727
TSIA,TSIA,Shell Companies,10-Nov-20,$10.00,19.350000381469727,19.350000381469727,2020-12-31,10.0,2021-01-08,0.0,8.0,10.010000228881836
STIC,STIC,Shell Companies,11-Nov-20,$10.00,13.0,19.540000915527344,2020-12-24,11.5,2020-12-18,6.0,0.0,11.5
CFAC,CFAC,Shell Companies,13-Nov-20,$10.00,11.0,14.489999771118164,2021-01-14,10.539999961853027,2021-01-13,3.0,2.0,10.539999961853027
BWAC,BWAC,Shell Companies,13-Nov-20,$10.00,10.65999984741211,10.65999984741211,2020-12-28,10.09000015258789,2021-01-06,0.0,9.0,10.100000381469727
DMYI,DMYI,Shell Companies,13-Nov-20,$10.00,11.125,12.350000381469727,2021-01-08,10.5,2021-01-04,4.0,0.0,10.5
HAAC,HAAC,Shell Companies,13-Nov-20,$10.00,"Date
2021-01-15    12.0
2021-01-15    12.0
Name: Open, dtype: float64",12.050000190734863,2021-01-15,11.447500228881836,2021-01-15,0.0,0.0,11.447500228881836
OTRA,OTRA,Shell Companies,17-Nov-20,$10.00,9.949999809265137,10.5,2021-01-05,9.859000205993652,2020-12-21,15.0,0.0,9.859000205993652
PIPP,PIPP,Shell Companies,17-Nov-20,$10.00,10.75,14.9399995803833,2021-01-14,9.949999809265137,2021-01-07,7.0,0.0,9.949999809265137
ZNTE,ZNTE,Shell Companies,17-Nov-20,$10.00,10.5,10.970000267028809,2021-01-15,10.130000114440918,2021-01-07,8.0,0.0,10.130000114440918
DGNS,DGNS,Shell Companies,17-Nov-20,$10.00,11.229999542236328,14.621000289916992,2021-01-14,10.699999809265137,2020-11-25,58.0,8.0,10.699999809265137
PHIC,PHIC,Shell Companies,18-Nov-20,$10.00,10.5,10.5,2021-01-13,10.210000038146973,2021-01-15,0.0,2.0,10.449999809265137
TLS,TLS,Information Technology Services,19-Nov-20,$17.00,21.899999618530273,40.310001373291016,2021-01-15,18.079999923706055,2020-11-19,57.0,0.0,18.079999923706055
CHFW,CHFW,Shell Companies,19-Nov-20,$10.00,10.0,10.34000015258789,2021-01-14,9.90999984741211,2021-01-11,3.0,0.0,9.90999984741211
IIAC,IIAC,Shell Companies,19-Nov-20,$10.00,10.010000228881836,10.949999809265137,2021-01-14,9.90999984741211,2021-01-11,3.0,0.0,9.90999984741211
LNFA,LNFA,Shell Companies,19-Nov-20,$10.00,10.0,10.699999809265137,2021-01-13,9.579999923706055,2021-01-07,6.0,0.0,9.579999923706055
NGMS,NGMS,Electronic Gaming & Multimedia,19-Nov-20,$17.00,21.149999618530273,38.75,2021-01-04,18.670000076293945,2020-11-24,46.0,5.0,18.670000076293945
YSG,YSG,Specialty Retail,19-Nov-20,$10.50,17.510000228881836,21.65999984741211,2021-01-14,15.170000076293945,2020-12-07,56.0,18.0,15.170000076293945
OLMA,OLMA,Biotechnology,19-Nov-20,$19.00,45.0,60.27000045776367,2020-12-02,35.72999954223633,2020-12-17,13.0,28.0,40.0
RTPZ,RTPZ,Shell Companies,19-Nov-20,$10.00,11.300000190734863,12.979999542236328,2021-01-15,11.039999961853027,2021-01-11,4.0,0.0,11.039999961853027
JYAC,JYAC,Shell Companies,19-Nov-20,$10.00,10.0,11.010000228881836,2020-12-24,9.880000114440918,2020-12-01,35.0,12.0,9.880000114440918
ARBG,ARBG,Shell Companies,20-Nov-20,$10.00,10.25,10.75,2021-01-13,10.199999809265137,2021-01-11,2.0,0.0,10.199999809265137
CAS,CAS,Shell Companies,20-Nov-20,$10.00,"Date
2021-01-15    10.06
2021-01-15    10.06
Name: Open, dtype: float64",10.399999618530273,2021-01-15,10.0600004196167,2021-01-15,0.0,0.0,10.0600004196167
LSAQ,LSAQ,Shell Companies,20-Nov-20,$10.00,10.100000381469727,12.680000305175781,2021-01-13,10.050000190734863,2020-11-23,51.0,0.0,10.050000190734863
SHC,SHC,Diagnostics & Research,20-Nov-20,$23.00,27.0,29.0,2020-11-24,24.049999237060547,2020-11-20,4.0,0.0,24.049999237060547
OCA,OCA,Shell Companies,20-Nov-20,$10.00,10.0,10.390000343322754,2021-01-13,9.90999984741211,2021-01-12,1.0,0.0,9.90999984741211
MRVI,MRVI,Biotechnology,20-Nov-20,$27.00,31.950000762939453,32.459999084472656,2020-11-20,23.6200008392334,2020-12-09,0.0,19.0,29.399999618530273
BREZ,BREZ,Shell Companies,23-Nov-20,$10.00,16.0,16.0,2020-12-23,10.0,2020-12-23,0.0,0.0,10.0
VMAR,VMAR,Leisure,24-Nov-20,$10.00,11.029999732971191,17.899999618530273,2020-12-22,10.699999809265137,2020-11-24,28.0,0.0,10.699999809265137
HFEN,HFEN,Real Estate—Development,24-Nov-20,$7.00,7.0,7.5,2020-12-17,4.599999904632568,2020-12-15,22.0,20.0,4.599999904632568
GNPK,GNPK,Shell Companies,24-Nov-20,$10.00,10.699999809265137,10.699999809265137,2021-01-14,10.149999618530273,2021-01-15,0.0,1.0,10.300000190734863
SV,SV,Shell Companies,24-Nov-20,$10.00,10.0,10.819999694824219,2020-12-22,9.899999618530273,2020-12-09,13.0,0.0,9.899999618530273
VCVC,VCVC,Shell Companies,24-Nov-20,$10.00,10.300000190734863,10.979999542236328,2021-01-13,10.159000396728516,2021-01-13,0.0,0.0,10.159000396728516
TINV,TINV,Shell Companies,24-Nov-20,$10.00,11.0,11.010000228881836,2021-01-14,10.300000190734863,2021-01-15,0.0,1.0,10.369999885559082
OZON,OZON,Internet Retail,24-Nov-20,$30.00,41.0,53.4900016784668,2021-01-15,38.09000015258789,2020-11-27,51.0,2.0,38.09000015258789
FRX,FRX,n/a,25-Nov-20,$10.00,"Date
2021-01-15    11.2420
2021-01-15    11.2424
Name: Open, dtype: float64",11.581000328063965,2021-01-15,10.270000457763672,2021-01-15,0.0,0.0,10.270000457763672
SPRQ,SPRQ,Shell Companies,25-Nov-20,$10.00,"Date
2021-01-15    12.5
2021-01-15    12.5
Name: Open, dtype: float64",12.5,2021-01-15,10.829999923706055,2021-01-15,0.0,0.0,10.829999923706055
SGAM,SGAM,Shell Companies,30-Nov-20,$10.00,9.800000190734863,10.6850004196167,2021-01-12,9.800000190734863,2020-12-10,33.0,0.0,9.800000190734863
CAP,CAP,n/a,02-Dec-20,$10.00,21.5,20.5,2020-12-24,19.049999237060547,2020-12-22,22.0,20.0,19.049999237060547
RSVA,RSVA,Shell Companies,02-Dec-20,$10.00,13.5,20.059999465942383,2021-01-08,11.789999961853027,2021-01-06,3.0,1.0,11.789999961853027
KNTE,KNTE,Biotechnology,03-Dec-20,$20.00,40.0,48.75,2020-12-08,34.13999938964844,2020-12-16,5.0,13.0,35.040000915527344
DCBO,DCBO,Software—Application,03-Dec-20,$52.21,51.0099983215332,68.0,2021-01-04,47.11000061035156,2020-12-07,32.0,4.0,47.11000061035156
SBTX,SBTX,Biotechnology,04-Dec-20,$21.00,28.579999923706055,54.40999984741211,2021-01-15,24.219999313354492,2020-12-07,42.0,3.0,24.219999313354492
SEER,SEER,Biotechnology,04-Dec-20,$19.00,48.0,86.12999725341797,2020-12-11,44.0,2020-12-04,7.0,0.0,44.0
SGTX,SGTX,Biotechnology,04-Dec-20,$18.00,22.0,54.31700134277344,2020-12-22,22.0,2020-12-04,18.0,0.0,22.0
YQ,YQ,Education & Training Services,04-Dec-20,$10.50,10.5,23.93000030517578,2020-12-09,10.0,2020-12-04,5.0,0.0,10.0
DASH,DASH,Internet Content & Information,09-Dec-20,$102.00,182.0,221.39999389648438,2021-01-14,135.3800048828125,2020-12-31,36.0,22.0,135.3800048828125
PUBM,PUBM,Software—Application,09-Dec-20,$20.00,25.1200008392334,38.70000076293945,2020-12-23,22.420000076293945,2020-12-15,14.0,6.0,22.420000076293945
AI,AI,Information Technology Services,09-Dec-20,$42.00,100.0,183.89999389648438,2020-12-23,90.02999877929688,2020-12-09,14.0,0.0,90.02999877929688
HYFM,HYFM,Farm & Heavy Construction Machinery,10-Dec-20,$20.00,46.0,77.4000015258789,2021-01-12,41.59000015258789,2020-12-15,33.0,5.0,41.59000015258789
ABNB,ABNB,Internet Content & Information,10-Dec-20,$68.00,146.0,187.4199981689453,2021-01-14,121.5,2020-12-15,35.0,5.0,121.5
VVOS,VVOS,Medical Devices,11-Dec-20,$6.00,7.070000171661377,14.40999984741211,2020-12-11,5.639999866485596,2020-12-31,0.0,20.0,6.800000190734863
FDMT,FDMT,Biotechnology,11-Dec-20,$23.00,40.0,50.880001068115234,2021-01-14,35.0099983215332,2021-01-05,34.0,25.0,35.0099983215332
CERT,CERT,Biotechnology,11-Dec-20,$23.00,29.899999618530273,41.790000915527344,2020-12-23,29.700000762939453,2020-12-11,12.0,0.0,29.700000762939453
ABCL,ABCL,Biotechnology,11-Dec-20,$20.00,61.0,71.91000366210938,2020-12-11,36.27000045776367,2021-01-11,0.0,31.0,48.97999954223633
NBTX,NBTX,Biotechnology,11-Dec-20,$13.50,18.149999618530273,21.549999237060547,2020-12-16,15.890000343322754,2020-12-14,5.0,3.0,15.890000343322754
ROCC,ROCC,Shell Companies,11-Dec-20,$10.00,10.069999694824219,10.84000015258789,2021-01-15,9.90999984741211,2021-01-08,10.0,3.0,9.90999984741211
OCG,OCG,Internet Retail,15-Dec-20,$4.00,6.25,25.850000381469727,2020-12-17,4.519999980926514,2021-01-04,2.0,20.0,5.269999980926514
WNW,WNW,Restaurants,15-Dec-20,$5.00,7.980000019073486,160.67999267578125,2020-12-17,7.309999942779541,2020-12-15,2.0,0.0,7.309999942779541
UPST,UPST,Credit Services,16-Dec-20,$20.00,26.0,69.4800033569336,2021-01-13,22.610000610351562,2020-12-16,28.0,0.0,22.610000610351562
BCAB,BCAB,Biotechnology,16-Dec-20,$18.00,30.549999237060547,49.4900016784668,2021-01-14,27.149999618530273,2020-12-16,29.0,0.0,27.149999618530273
WISH,WISH,Internet Retail,16-Dec-20,$24.00,22.75,28.25,2021-01-14,17.40999984741211,2020-12-31,29.0,15.0,17.40999984741211
SCPS,SCPS,Biotechnology,16-Dec-20,$5.50,7.699999809265137,47.86000061035156,2020-12-17,5.340000152587891,2020-12-16,1.0,0.0,5.340000152587891
VIRI,VIRI,Biotechnology,17-Dec-20,$10.00,12.149999618530273,16.709999084472656,2020-12-17,7.159999847412109,2021-01-04,0.0,18.0,10.300000190734863
MDWT,MDWT,Insurance—Life,17-Dec-20,$70.00,67.26000213623047,68.0,2020-12-17,52.0,2020-12-18,0.0,1.0,56.18000030517578
MASS,MASS,Medical Devices,18-Dec-20,$20.00,45.5099983215332,74.0,2020-12-28,43.25,2020-12-18,10.0,0.0,43.25
GBS,GBS,Medical Devices,23-Dec-20,$17.00,9.239999771118164,14.239999771118164,2020-12-23,7.03000020980835,2020-12-31,0.0,8.0,8.609999656677246
IKT,IKT,Biotechnology,23-Dec-20,$10.00,10.670000076293945,11.800000190734863,2020-12-23,6.420000076293945,2020-12-31,0.0,8.0,9.3100004196167
HCAR,HCAR,Shell Companies,23-Dec-20,$10.00,10.010000228881836,10.319999694824219,2021-01-12,9.949999809265137,2021-01-05,7.0,0.0,9.949999809265137
MRM,MRM,Personal Services,29-Dec-20,$15.00,19.799999237060547,19.799999237060547,2020-12-29,13.149999618530273,2021-01-15,0.0,17.0,14.029999732971191
